username,userid
aeqc,981301093
aezw,278975823
aflf,573470508
agig,481941296
agwt,481800772
ahuc,981247701
ahyf,1022200164
aidr_mlops,856795998
aidw,856778024
aifq,1022285295
aioz,206852780
aiuh,648940507
ajwl,447745780
aobc,573505708
aody,589787894
aoeo,1562337487
aoqn,1003037141
aphy,1003023521
apri,1348785295
aqao,1562222952
aqnf,856750266
arvf,1022285262
arxt,278813265
avgx,278843225
avtk,648903287
awlw,856711544
awvn,1003026599
axvn,447745327
aydx,278815290
aywy,1022247553
baja,856726522
bbnd,278813227
bdhk,1022249606
bitm,856700979
bkgi,981227836
bkts,481875352
bmoa,447632454
bnhv,447760326
bnio,481941134
bohc,1022271507
brbt,1432132045
bry,1022247474
bsck,856610372
bsde,1003060511
bsoz,447648969
btaq,856722848
bwah,1348627767
bzgz,1562237861
caku,1562222898
cbjb,945475770
cbpy,856782322
ceua,1022200587
cinu,856701758
cltd,206904012
cnqi,1022200568
cpdm,1348744710
cpjb,856711416
csoz,1022200529
ctqs,206915632
cvin,1432010725
cvli,856747529
cvlz,856711479
cvwj,1562237935
cvzl,573569341
cvzr,573498531
cxrh,481875554
cyem,981278790
cylf,1022249207
cyqj,447745421
czjs,1562297329
dawd,856777781
dbvm,447632147
ddrd,648940501
dgme,481948052
dipm,981225441
dkei,856721063
dmnt,1003053386
dmqs,981244878
dmsn,981219670
dnnm,1432036748
dnvm,1348628020
dpkn,856701637
dpqa,856761367
dprv,1562237776
drtv,856711328
drugseq,1022241221
dsyu,856758067
dyvl,1022258962
dzbo,981256628
eawy,856782517
efav,856754405
efzo,1104581822
ekmp,1022274882
ekzv,856797401
encu,856782597
endk,1022201261
entm,206830998
epfz,1022269873
epru,1022281978
eqmt,981311753
evjh,1432119242
ezed,278813572
fdjl,1022239061
feob,856774313
flgs,856641100
flkg,1022247538
flpa,856776937
fmkz,856782444
fmob,1022251327
fmpk,1022262381
frsy,856777012
frza,573569527
fyfi,856741082
fzgo,573505897
fzsg,1562397260
gabt,206947886
gatl,278897218
gcma,981244915
gcrt,278813228
gdcr,1022254276
gesc,1432012704
gjih,1022250071
gmgz,648816845
gmse,981314752
gomh,1022254142
grnu,1022226986
gsii,481800917
gtmh,206986775
gtrm,206978565
gzhg,981311757
hchy,981244758
hcnw,1022227067
hct,589639811
hecg,278975813
hfsg,1022239078
hhht,1022285286
hhkw,1003073859
hhsd,1022294125
hhvd,206918732
hipn,856747520
hiwt,409108679
hjou,1003053390
hlrp,856761339
hlvn,1022249628
hmck,856711420
hnsw,648881025
hrnz,981256948
hspu,481800961
hswh,1022249803
hydn,1022260181
hymj,856610587
hynj,481828546
idbm,856718247
idje,856754594
iira,1258829181
ijdn,1003037286
ilhf,1022218094
imhr,481804408
iqom,1022291615
irvi,1022249380
japf,981253450
jfgb,589778011
jfjm,447745112
jfmw,856777787
jfvs,573498440
jgks,573498593
jizr,206934521
jjlx,856754269
jkvg,1022289633
jlze,981231020
jnvy,573569331
jqoc,573498590
jrjl,206912337
jtju,648987486
jvdj,447685279
jvkm,856706530
jwlx,648843408
jwrj,278923611
jxmm,648903532
jyqg,206826191
jzrk,1562222767
kavz,981314630
kcf,1432015375
kcsl,856700813
kdsu,447745718
kegs,648987465
kfni,981217223
kfsq,1432115341
khgq,278815294
khjy,945590513
khlc,981273731
khvm,573569425
kjtu,1022246171
kniv,856776940
kobh,1258952417
kqtm,447607248
kqwb,1022280495
krmb,589706498
kswo,1022204282
ktdb,981227684
kvyc,1022201488
kxgl,1022201350
kzds,856782452
ldte,856783709
lfsz,1022239080
lglm,481804257
lgnb,447685565
lgyc,981201625
livedesign-compute,1022288243
liwd,1022249703
ljsy,856740728
lkpa,981239827
lksy,856761404
lljg,206841061
lloi,856700645
lmhd,206861739
lnyj,206990952
lvbl,447745473
lvwn,1022226963
lwho,856729079
lwmr,1003140124
lwph,856725130
lxay,206933103
lydw,1022214267
mbvk,1003023545
mbxw,856726368
mfhp,1022217928
mkxw,856701623
mlqj,206906549
mqdw,1003026316
mtqi,1258952286
mulw,1104404041
mutw,856783736
mvka,206949463
mvrm,206987062
mwry,206882600
myqv,856795737
nbhl,1104408303
nbkm,409174776
nbvs,1003107296
ncir,856694797
nerg,1348667132
nextflow,856729964
nhih,1022211857
nkkc,1022221308
nlic,981241785
nljh,981304279
nlto,981227874
nnrv,573580705
nqbt,1022246539
nqcn,856776938
nqvu,1022214337
nreo,1348625453
nroi,481800893
ntem,1348703029
nygz,981219962
nyyl,981239677
nzda,1562237841
nzjh,1562222826
nzog,1022285328
ocmg,1003154877
ofsr,856785500
ohpx,1022278683
ojsb,1003042527
ojsz,981265674
olsw,1022273384
omicscloud,648923577
omtp,856779381
osii,856776661
osvk,1348744652
ousm,481810985
ozmp,1258887368
pacw,1022217977
pghf,648831990
pnvp,856711338
pog,648952809
pomc,648987345
prft,206873602
prny,981217418
pvib,1022246169
pyke,1432171813
qdbs,1022256012
qdm,856711557
qeaj,1022291765
qelv,856785558
qkgl,981239706
qlcv,1022277465
qlsd,447650977
qmhf,206857007
qmok,206904008
qnzv,1003126514
qolt,1022288317
qpms,1022278791
qsln,206853094
qukl,1022277339
qvcm,1022278865
qwdx,1022266030
qwru,1022271547
qyji,856730980
radv,856700983
raoc,481875410
rblp,856697210
rcry,278911393
rcub,447685562
rdak,856641034
rdgb,856640814
rgtd,1003107309
rhmb,981273973
rhni,409103835
rhzz,1003126273
rjge,945590366
rjmr,981253184
rloj,1003022566
rmgp,206978511
rngy,573569221
rpaw,1022238929
rthm,981247702
rvnq,1022214353
rvpl,573569396
rvwx,1022291810
rxbr,648987455
rzqn,981206267
sbxw,447760317
sdkw,856722965
seow,856711480
sfgo,206901539
sixp,648940526
sjsy,206865569
slcx,206906531
smhe,206901466
snfu,206850627
soee,648880715
spqw,1022249598
spvu,856750888
sqgg,1104509110
ssxp,1348785464
stkh,206870552
sufh,1003023532
szbn,1562222959
taey,856799555
tegj,981239712
texl,1022247182
tfwg,981266024
thqd,981241815
ticd,481804212
tjdy,856720711
tjla,206996095
tlhj,856718565
tmqi,648903415
tnfn,856797162
tngv,573505948
tovb,573569571
tsmf,206886038
ttph,856736507
tuee,206843686
tuva,856779216
twaj,1258964442
twls,1022288544
twrn,856795605
tyvu,481811091
tzks,278975645
uab,856750153
uaty,1022249338
uatz,1003026241
uazz,981217153
uftz,1022288442
umxb,1348757710
unro,1003026202
usih,856772173
uzam,1104403968
vcgn,1022247194
vczr,856754403
vdrz,856797533
vlsw,856779564
vmnz,981244786
vmyo,1003126515
vnij,206875385
vnje,278890227
vnlo,856706121
vnna,856779384
vqlm,1022299174
vsbg,981253522
vsnp,1348757712
vumo,1022258952
vwbl,1022247376
vwbn,1022214370
vwcd,1022257569
vwpt,1022238567
vyca,1003126516
wbnm,856726169
wbvq,1022273551
wdrm,447745902
wgch,856698291
wgzq,856779387
whnn,1022251510
whtg,1022217669
wirn,1022201731
wjzi,856730809
wmt,409183541
wnpt,856744417
wpcs,856779160
wprc,1022204490
wqpe,1022271558
wrmf,1022264516
wrvo,856782321
wrzi,1022258977
wsnn,1258887367
wulr,1022257566
wyqg,981304277
xajg,1022249618
xaog,981241767
xely,206947303
ximx,1003053329
xjbq,206879665
xnpe,1022221331
xsrc,1022285317
yawp,648932464
ybsw,1022291809
ydbr,1022257343
ydku,856739043
ydpv,1022257308
yglk,1022298278
ygye,856690176
yljm,278815320
yqav,1022262508
yrbs,481875369
yuxm,1022255882
zavk,856790698
zdwu,856711414
zean,981260379
zell,648925993
zemw,856778021
zeqw,573569542
zeuf,481804318
zihc,856711481
zjdo,1022285928
zloa,1022211615
znbd,1348757713
znec,1348757714
znvi,648952620
zqab,206882650
ztml,856797505
ztzu,447685249
zuys,1022285257
zwgz,1022288457
